<Anims>
 <anim name="idle_closed" root="bestiary_options_button" numframes="1000" framerate="40">
  <frame idx="0" w="300" h="286" x="-11.698044" y="2.000000">
   <element name="bestiary_options_button" layername="wood" frame="0" z_index="8" m_a="1.000000" m_b="0.000000" m_c="0.000000" m_d="1.000000" m_tx="-1.000000" m_ty="2.000000"/>
   <element name="bestiary_options_button" layername="button_dark" frame="2" z_index="7" m_a="0.000000" m_b="1.000000" m_c="-1.000000" m_d="0.000000" m_tx="1.103896" m_ty="46.753246"/>
  </frame>
  <frame idx="25" w="300" h="286" x="-11.698044" y="2.000000">
   <element name="bestiary_options_button" layername="wood" frame="0" z_index="8" m_a="1.000000" m_b="0.000000" m_c="0.000000" m_d="1.000000" m_tx="-1.000000" m_ty="2.000000"/>
   <element name="bestiary_options_button" layername="button_dark" frame="2" z_index="7" m_a="0.000000" m_b="1.000000" m_c="-1.000000" m_d="0.000000" m_tx="1.103896" m_ty="46.753246"/>
  </frame>
  <frame idx="50" w="300" h="286" x="-11.698044" y="2.000000">
   <element name="bestiary_options_button" layername="wood" frame="0" z_index="8" m_a="1.000000" m_b="0.000000" m_c="0.000000" m_d="1.000000" m_tx="-1.000000" m_ty="2.000000"/>
   <element name="bestiary_options_button" layername="button_dark" frame="2" z_index="7" m_a="0.000000" m_b="1.000000" m_c="-1.000000" m_d="0.000000" m_tx="1.103896" m_ty="46.753246"/>
  </frame>
  <frame idx="75" w="300" h="286" x="-11.698044" y="2.000000">
   <element name="bestiary_options_button" layername="wood" frame="0" z_index="8" m_a="1.000000" m_b="0.000000" m_c="0.000000" m_d="1.000000" m_tx="-1.000000" m_ty="2.000000"/>
   <element name="bestiary_options_button" layername="button_dark" frame="2" z_index="7" m_a="0.000000" m_b="1.000000" m_c="-1.000000" m_d="0.000000" m_tx="1.103896" m_ty="46.753246"/>
  </frame>
  <frame idx="100" w="300" h="286" x="-11.698044" y="2.000000">
   <element name="bestiary_options_button" layername="wood" frame="0" z_index="8" m_a="1.000000" m_b="0.000000" m_c="0.000000" m_d="1.000000" m_tx="-1.000000" m_ty="2.000000"/>
   <element name="bestiary_options_button" layername="button_dark" frame="2" z_index="7" m_a="0.000000" m_b="1.000000" m_c="-1.000000" m_d="0.000000" m_tx="1.103896" m_ty="46.753246"/>
  </frame>
  <frame idx="125" w="300" h="286" x="-11.698044" y="2.000000">
   <element name="bestiary_options_button" layername="wood" frame="0" z_index="8" m_a="1.000000" m_b="0.000000" m_c="0.000000" m_d="1.000000" m_tx="-1.000000" m_ty="2.000000"/>
   <element name="bestiary_options_button" layername="button_dark" frame="2" z_index="7" m_a="0.000000" m_b="1.000000" m_c="-1.000000" m_d="0.000000" m_tx="1.103896" m_ty="46.753246"/>
  </frame>
  <frame idx="150" w="300" h="286" x="-11.698044" y="2.000000">
   <element name="bestiary_options_button" layername="wood" frame="0" z_index="8" m_a="1.000000" m_b="0.000000" m_c="0.000000" m_d="1.000000" m_tx="-1.000000" m_ty="2.000000"/>
   <element name="bestiary_options_button" layername="button_dark" frame="2" z_index="7" m_a="0.000000" m_b="1.000000" m_c="-1.000000" m_d="0.000000" m_tx="1.103896" m_ty="46.753246"/>
  </frame>
  <frame idx="175" w="300" h="286" x="-11.698044" y="2.000000">
   <element name="bestiary_options_button" layername="wood" frame="0" z_index="8" m_a="1.000000" m_b="0.000000" m_c="0.000000" m_d="1.000000" m_tx="-1.000000" m_ty="2.000000"/>
   <element name="bestiary_options_button" layername="button_dark" frame="2" z_index="7" m_a="0.000000" m_b="1.000000" m_c="-1.000000" m_d="0.000000" m_tx="1.103896" m_ty="46.753246"/>
  </frame>
  <frame idx="200" w="300" h="286" x="-11.698044" y="2.000000">
   <element name="bestiary_options_button" layername="wood" frame="0" z_index="8" m_a="1.000000" m_b="0.000000" m_c="0.000000" m_d="1.000000" m_tx="-1.000000" m_ty="2.000000"/>
   <element name="bestiary_options_button" layername="button_dark" frame="2" z_index="7" m_a="0.000000" m_b="1.000000" m_c="-1.000000" m_d="0.000000" m_tx="1.103896" m_ty="46.753246"/>
  </frame>
  <frame idx="225" w="300" h="286" x="-11.698044" y="2.000000">
   <element name="bestiary_options_button" layername="wood" frame="0" z_index="8" m_a="1.000000" m_b="0.000000" m_c="0.000000" m_d="1.000000" m_tx="-1.000000" m_ty="2.000000"/>
   <element name="bestiary_options_button" layername="button_dark" frame="2" z_index="7" m_a="0.000000" m_b="1.000000" m_c="-1.000000" m_d="0.000000" m_tx="1.103896" m_ty="46.753246"/>
  </frame>
  <frame idx="250" w="300" h="286" x="-11.698044" y="2.000000">
   <element name="bestiary_options_button" layername="wood" frame="0" z_index="8" m_a="1.000000" m_b="0.000000" m_c="0.000000" m_d="1.000000" m_tx="-1.000000" m_ty="2.000000"/>
   <element name="bestiary_options_button" layername="button_dark" frame="2" z_index="7" m_a="0.000000" m_b="1.000000" m_c="-1.000000" m_d="0.000000" m_tx="1.103896" m_ty="46.753246"/>
  </frame>
  <frame idx="275" w="300" h="286" x="-11.698044" y="2.000000">
   <element name="bestiary_options_button" layername="wood" frame="0" z_index="8" m_a="1.000000" m_b="0.000000" m_c="0.000000" m_d="1.000000" m_tx="-1.000000" m_ty="2.000000"/>
   <element name="bestiary_options_button" layername="button_dark" frame="2" z_index="7" m_a="0.000000" m_b="1.000000" m_c="-1.000000" m_d="0.000000" m_tx="1.103896" m_ty="46.753246"/>
  </frame>
  <frame idx="300" w="300" h="286" x="-11.698044" y="2.000000">
   <element name="bestiary_options_button" layername="wood" frame="0" z_index="8" m_a="1.000000" m_b="0.000000" m_c="0.000000" m_d="1.000000" m_tx="-1.000000" m_ty="2.000000"/>
   <element name="bestiary_options_button" layername="button_dark" frame="2" z_index="7" m_a="0.000000" m_b="1.000000" m_c="-1.000000" m_d="0.000000" m_tx="1.103896" m_ty="46.753246"/>
  </frame>
  <frame idx="325" w="300" h="286" x="-11.698044" y="2.000000">
   <element name="bestiary_options_button" layername="wood" frame="0" z_index="8" m_a="1.000000" m_b="0.000000" m_c="0.000000" m_d="1.000000" m_tx="-1.000000" m_ty="2.000000"/>
   <element name="bestiary_options_button" layername="button_dark" frame="2" z_index="7" m_a="0.000000" m_b="1.000000" m_c="-1.000000" m_d="0.000000" m_tx="1.103896" m_ty="46.753246"/>
  </frame>
  <frame idx="350" w="300" h="286" x="-11.698044" y="2.000000">
   <element name="bestiary_options_button" layername="wood" frame="0" z_index="8" m_a="1.000000" m_b="0.000000" m_c="0.000000" m_d="1.000000" m_tx="-1.000000" m_ty="2.000000"/>
   <element name="bestiary_options_button" layername="button_dark" frame="2" z_index="7" m_a="0.000000" m_b="1.000000" m_c="-1.000000" m_d="0.000000" m_tx="1.103896" m_ty="46.753246"/>
  </frame>
  <frame idx="375" w="300" h="286" x="-11.698044" y="2.000000">
   <element name="bestiary_options_button" layername="wood" frame="0" z_index="8" m_a="1.000000" m_b="0.000000" m_c="0.000000" m_d="1.000000" m_tx="-1.000000" m_ty="2.000000"/>
   <element name="bestiary_options_button" layername="button_dark" frame="2" z_index="7" m_a="0.000000" m_b="1.000000" m_c="-1.000000" m_d="0.000000" m_tx="1.103896" m_ty="46.753246"/>
  </frame>
  <frame idx="400" w="300" h="286" x="-11.698044" y="2.000000">
   <element name="bestiary_options_button" layername="wood" frame="0" z_index="8" m_a="1.000000" m_b="0.000000" m_c="0.000000" m_d="1.000000" m_tx="-1.000000" m_ty="2.000000"/>
   <element name="bestiary_options_button" layername="button_dark" frame="2" z_index="7" m_a="0.000000" m_b="1.000000" m_c="-1.000000" m_d="0.000000" m_tx="1.103896" m_ty="46.753246"/>
  </frame>
  <frame idx="425" w="300" h="286" x="-11.698044" y="2.000000">
   <element name="bestiary_options_button" layername="wood" frame="0" z_index="8" m_a="1.000000" m_b="0.000000" m_c="0.000000" m_d="1.000000" m_tx="-1.000000" m_ty="2.000000"/>
   <element name="bestiary_options_button" layername="button_dark" frame="2" z_index="7" m_a="0.000000" m_b="1.000000" m_c="-1.000000" m_d="0.000000" m_tx="1.103896" m_ty="46.753246"/>
  </frame>
  <frame idx="450" w="300" h="286" x="-11.698044" y="2.000000">
   <element name="bestiary_options_button" layername="wood" frame="0" z_index="8" m_a="1.000000" m_b="0.000000" m_c="0.000000" m_d="1.000000" m_tx="-1.000000" m_ty="2.000000"/>
   <element name="bestiary_options_button" layername="button_dark" frame="2" z_index="7" m_a="0.000000" m_b="1.000000" m_c="-1.000000" m_d="0.000000" m_tx="1.103896" m_ty="46.753246"/>
  </frame>
  <frame idx="475" w="300" h="286" x="-11.698044" y="2.000000">
   <element name="bestiary_options_button" layername="wood" frame="0" z_index="8" m_a="1.000000" m_b="0.000000" m_c="0.000000" m_d="1.000000" m_tx="-1.000000" m_ty="2.000000"/>
   <element name="bestiary_options_button" layername="button_dark" frame="2" z_index="7" m_a="0.000000" m_b="1.000000" m_c="-1.000000" m_d="0.000000" m_tx="1.103896" m_ty="46.753246"/>
  </frame>
  <frame idx="500" w="300" h="286" x="-11.698044" y="2.000000">
   <element name="bestiary_options_button" layername="wood" frame="0" z_index="8" m_a="1.000000" m_b="0.000000" m_c="0.000000" m_d="1.000000" m_tx="-1.000000" m_ty="2.000000"/>
   <element name="bestiary_options_button" layername="button_dark" frame="2" z_index="7" m_a="0.000000" m_b="1.000000" m_c="-1.000000" m_d="0.000000" m_tx="1.103896" m_ty="46.753246"/>
  </frame>
  <frame idx="525" w="300" h="286" x="-11.698044" y="2.000000">
   <element name="bestiary_options_button" layername="wood" frame="0" z_index="8" m_a="1.000000" m_b="0.000000" m_c="0.000000" m_d="1.000000" m_tx="-1.000000" m_ty="2.000000"/>
   <element name="bestiary_options_button" layername="button_dark" frame="2" z_index="7" m_a="0.000000" m_b="1.000000" m_c="-1.000000" m_d="0.000000" m_tx="1.103896" m_ty="46.753246"/>
  </frame>
  <frame idx="550" w="300" h="286" x="-11.698044" y="2.000000">
   <element name="bestiary_options_button" layername="wood" frame="0" z_index="8" m_a="1.000000" m_b="0.000000" m_c="0.000000" m_d="1.000000" m_tx="-1.000000" m_ty="2.000000"/>
   <element name="bestiary_options_button" layername="button_dark" frame="2" z_index="7" m_a="0.000000" m_b="1.000000" m_c="-1.000000" m_d="0.000000" m_tx="1.103896" m_ty="46.753246"/>
  </frame>
  <frame idx="575" w="300" h="286" x="-11.698044" y="2.000000">
   <element name="bestiary_options_button" layername="wood" frame="0" z_index="8" m_a="1.000000" m_b="0.000000" m_c="0.000000" m_d="1.000000" m_tx="-1.000000" m_ty="2.000000"/>
   <element name="bestiary_options_button" layername="button_dark" frame="2" z_index="7" m_a="0.000000" m_b="1.000000" m_c="-1.000000" m_d="0.000000" m_tx="1.103896" m_ty="46.753246"/>
  </frame>
  <frame idx="600" w="300" h="286" x="-11.698044" y="2.000000">
   <element name="bestiary_options_button" layername="wood" frame="0" z_index="8" m_a="1.000000" m_b="0.000000" m_c="0.000000" m_d="1.000000" m_tx="-1.000000" m_ty="2.000000"/>
   <element name="bestiary_options_button" layername="button_dark" frame="2" z_index="7" m_a="0.000000" m_b="1.000000" m_c="-1.000000" m_d="0.000000" m_tx="1.103896" m_ty="46.753246"/>
  </frame>
  <frame idx="625" w="300" h="286" x="-11.698044" y="2.000000">
   <element name="bestiary_options_button" layername="wood" frame="0" z_index="8" m_a="1.000000" m_b="0.000000" m_c="0.000000" m_d="1.000000" m_tx="-1.000000" m_ty="2.000000"/>
   <element name="bestiary_options_button" layername="button_dark" frame="2" z_index="7" m_a="0.000000" m_b="1.000000" m_c="-1.000000" m_d="0.000000" m_tx="1.103896" m_ty="46.753246"/>
  </frame>
  <frame idx="650" w="300" h="286" x="-11.698044" y="2.000000">
   <element name="bestiary_options_button" layername="wood" frame="0" z_index="8" m_a="1.000000" m_b="0.000000" m_c="0.000000" m_d="1.000000" m_tx="-1.000000" m_ty="2.000000"/>
   <element name="bestiary_options_button" layername="button_dark" frame="2" z_index="7" m_a="0.000000" m_b="1.000000" m_c="-1.000000" m_d="0.000000" m_tx="1.103896" m_ty="46.753246"/>
  </frame>
  <frame idx="675" w="300" h="286" x="-11.698044" y="2.000000">
   <element name="bestiary_options_button" layername="wood" frame="0" z_index="8" m_a="1.000000" m_b="0.000000" m_c="0.000000" m_d="1.000000" m_tx="-1.000000" m_ty="2.000000"/>
   <element name="bestiary_options_button" layername="button_dark" frame="2" z_index="7" m_a="0.000000" m_b="1.000000" m_c="-1.000000" m_d="0.000000" m_tx="1.103896" m_ty="46.753246"/>
  </frame>
  <frame idx="700" w="300" h="286" x="-11.698044" y="2.000000">
   <element name="bestiary_options_button" layername="wood" frame="0" z_index="8" m_a="1.000000" m_b="0.000000" m_c="0.000000" m_d="1.000000" m_tx="-1.000000" m_ty="2.000000"/>
   <element name="bestiary_options_button" layername="button_dark" frame="2" z_index="7" m_a="0.000000" m_b="1.000000" m_c="-1.000000" m_d="0.000000" m_tx="1.103896" m_ty="46.753246"/>
  </frame>
  <frame idx="725" w="300" h="286" x="-11.698044" y="2.000000">
   <element name="bestiary_options_button" layername="wood" frame="0" z_index="8" m_a="1.000000" m_b="0.000000" m_c="0.000000" m_d="1.000000" m_tx="-1.000000" m_ty="2.000000"/>
   <element name="bestiary_options_button" layername="button_dark" frame="2" z_index="7" m_a="0.000000" m_b="1.000000" m_c="-1.000000" m_d="0.000000" m_tx="1.103896" m_ty="46.753246"/>
  </frame>
  <frame idx="750" w="300" h="286" x="-11.698044" y="2.000000">
   <element name="bestiary_options_button" layername="wood" frame="0" z_index="8" m_a="1.000000" m_b="0.000000" m_c="0.000000" m_d="1.000000" m_tx="-1.000000" m_ty="2.000000"/>
   <element name="bestiary_options_button" layername="button_dark" frame="2" z_index="7" m_a="0.000000" m_b="1.000000" m_c="-1.000000" m_d="0.000000" m_tx="1.103896" m_ty="46.753246"/>
  </frame>
  <frame idx="775" w="300" h="286" x="-11.698044" y="2.000000">
   <element name="bestiary_options_button" layername="wood" frame="0" z_index="8" m_a="1.000000" m_b="0.000000" m_c="0.000000" m_d="1.000000" m_tx="-1.000000" m_ty="2.000000"/>
   <element name="bestiary_options_button" layername="button_dark" frame="2" z_index="7" m_a="0.000000" m_b="1.000000" m_c="-1.000000" m_d="0.000000" m_tx="1.103896" m_ty="46.753246"/>
  </frame>
  <frame idx="800" w="300" h="286" x="-11.698044" y="2.000000">
   <element name="bestiary_options_button" layername="wood" frame="0" z_index="8" m_a="1.000000" m_b="0.000000" m_c="0.000000" m_d="1.000000" m_tx="-1.000000" m_ty="2.000000"/>
   <element name="bestiary_options_button" layername="button_dark" frame="2" z_index="7" m_a="0.000000" m_b="1.000000" m_c="-1.000000" m_d="0.000000" m_tx="1.103896" m_ty="46.753246"/>
  </frame>
  <frame idx="825" w="300" h="286" x="-11.698044" y="2.000000">
   <element name="bestiary_options_button" layername="wood" frame="0" z_index="8" m_a="1.000000" m_b="0.000000" m_c="0.000000" m_d="1.000000" m_tx="-1.000000" m_ty="2.000000"/>
   <element name="bestiary_options_button" layername="button_dark" frame="2" z_index="7" m_a="0.000000" m_b="1.000000" m_c="-1.000000" m_d="0.000000" m_tx="1.103896" m_ty="46.753246"/>
  </frame>
  <frame idx="850" w="300" h="286" x="-11.698044" y="2.000000">
   <element name="bestiary_options_button" layername="wood" frame="0" z_index="8" m_a="1.000000" m_b="0.000000" m_c="0.000000" m_d="1.000000" m_tx="-1.000000" m_ty="2.000000"/>
   <element name="bestiary_options_button" layername="button_dark" frame="2" z_index="7" m_a="0.000000" m_b="1.000000" m_c="-1.000000" m_d="0.000000" m_tx="1.103896" m_ty="46.753246"/>
  </frame>
  <frame idx="875" w="300" h="286" x="-11.698044" y="2.000000">
   <element name="bestiary_options_button" layername="wood" frame="0" z_index="8" m_a="1.000000" m_b="0.000000" m_c="0.000000" m_d="1.000000" m_tx="-1.000000" m_ty="2.000000"/>
   <element name="bestiary_options_button" layername="button_dark" frame="2" z_index="7" m_a="0.000000" m_b="1.000000" m_c="-1.000000" m_d="0.000000" m_tx="1.103896" m_ty="46.753246"/>
  </frame>
  <frame idx="900" w="300" h="286" x="-11.698044" y="2.000000">
   <element name="bestiary_options_button" layername="wood" frame="0" z_index="8" m_a="1.000000" m_b="0.000000" m_c="0.000000" m_d="1.000000" m_tx="-1.000000" m_ty="2.000000"/>
   <element name="bestiary_options_button" layername="button_dark" frame="2" z_index="7" m_a="0.000000" m_b="1.000000" m_c="-1.000000" m_d="0.000000" m_tx="1.103896" m_ty="46.753246"/>
  </frame>
  <frame idx="925" w="300" h="286" x="-11.698044" y="2.000000">
   <element name="bestiary_options_button" layername="wood" frame="0" z_index="8" m_a="1.000000" m_b="0.000000" m_c="0.000000" m_d="1.000000" m_tx="-1.000000" m_ty="2.000000"/>
   <element name="bestiary_options_button" layername="button_dark" frame="2" z_index="7" m_a="0.000000" m_b="1.000000" m_c="-1.000000" m_d="0.000000" m_tx="1.103896" m_ty="46.753246"/>
  </frame>
  <frame idx="950" w="300" h="286" x="-11.698044" y="2.000000">
   <element name="bestiary_options_button" layername="wood" frame="0" z_index="8" m_a="1.000000" m_b="0.000000" m_c="0.000000" m_d="1.000000" m_tx="-1.000000" m_ty="2.000000"/>
   <element name="bestiary_options_button" layername="button_dark" frame="2" z_index="7" m_a="0.000000" m_b="1.000000" m_c="-1.000000" m_d="0.000000" m_tx="1.103896" m_ty="46.753246"/>
  </frame>
  <frame idx="975" w="300" h="286" x="-11.698044" y="2.000000">
   <element name="bestiary_options_button" layername="wood" frame="0" z_index="8" m_a="1.000000" m_b="0.000000" m_c="0.000000" m_d="1.000000" m_tx="-1.000000" m_ty="2.000000"/>
   <element name="bestiary_options_button" layername="button_dark" frame="2" z_index="7" m_a="0.000000" m_b="1.000000" m_c="-1.000000" m_d="0.000000" m_tx="1.103896" m_ty="46.753246"/>
  </frame>
 </anim>
 <anim name="idle_opened" root="bestiary_options_button" numframes="1000" framerate="40">
  <frame idx="0" w="263" h="286" x="-1.000000" y="2.000000">
   <element name="bestiary_options_button" layername="wood" frame="0" z_index="8" m_a="1.000000" m_b="0.000000" m_c="0.000000" m_d="1.000000" m_tx="-1.000000" m_ty="2.000000"/>
   <element name="bestiary_options_button" layername="button_dark" frame="2" z_index="7" m_a="-0.000000" m_b="-1.000000" m_c="1.000000" m_d="-0.000000" m_tx="1.103896" m_ty="46.753246"/>
  </frame>
  <frame idx="25" w="263" h="286" x="-1.000000" y="2.000000">
   <element name="bestiary_options_button" layername="wood" frame="0" z_index="8" m_a="1.000000" m_b="0.000000" m_c="0.000000" m_d="1.000000" m_tx="-1.000000" m_ty="2.000000"/>
   <element name="bestiary_options_button" layername="button_dark" frame="2" z_index="7" m_a="-0.000000" m_b="-1.000000" m_c="1.000000" m_d="-0.000000" m_tx="1.103896" m_ty="46.753246"/>
  </frame>
  <frame idx="50" w="263" h="286" x="-1.000000" y="2.000000">
   <element name="bestiary_options_button" layername="wood" frame="0" z_index="8" m_a="1.000000" m_b="0.000000" m_c="0.000000" m_d="1.000000" m_tx="-1.000000" m_ty="2.000000"/>
   <element name="bestiary_options_button" layername="button_dark" frame="2" z_index="7" m_a="-0.000000" m_b="-1.000000" m_c="1.000000" m_d="-0.000000" m_tx="1.103896" m_ty="46.753246"/>
  </frame>
  <frame idx="75" w="263" h="286" x="-1.000000" y="2.000000">
   <element name="bestiary_options_button" layername="wood" frame="0" z_index="8" m_a="1.000000" m_b="0.000000" m_c="0.000000" m_d="1.000000" m_tx="-1.000000" m_ty="2.000000"/>
   <element name="bestiary_options_button" layername="button_dark" frame="2" z_index="7" m_a="-0.000000" m_b="-1.000000" m_c="1.000000" m_d="-0.000000" m_tx="1.103896" m_ty="46.753246"/>
  </frame>
  <frame idx="100" w="263" h="286" x="-1.000000" y="2.000000">
   <element name="bestiary_options_button" layername="wood" frame="0" z_index="8" m_a="1.000000" m_b="0.000000" m_c="0.000000" m_d="1.000000" m_tx="-1.000000" m_ty="2.000000"/>
   <element name="bestiary_options_button" layername="button_dark" frame="2" z_index="7" m_a="-0.000000" m_b="-1.000000" m_c="1.000000" m_d="-0.000000" m_tx="1.103896" m_ty="46.753246"/>
  </frame>
  <frame idx="125" w="263" h="286" x="-1.000000" y="2.000000">
   <element name="bestiary_options_button" layername="wood" frame="0" z_index="8" m_a="1.000000" m_b="0.000000" m_c="0.000000" m_d="1.000000" m_tx="-1.000000" m_ty="2.000000"/>
   <element name="bestiary_options_button" layername="button_dark" frame="2" z_index="7" m_a="-0.000000" m_b="-1.000000" m_c="1.000000" m_d="-0.000000" m_tx="1.103896" m_ty="46.753246"/>
  </frame>
  <frame idx="150" w="263" h="286" x="-1.000000" y="2.000000">
   <element name="bestiary_options_button" layername="wood" frame="0" z_index="8" m_a="1.000000" m_b="0.000000" m_c="0.000000" m_d="1.000000" m_tx="-1.000000" m_ty="2.000000"/>
   <element name="bestiary_options_button" layername="button_dark" frame="2" z_index="7" m_a="-0.000000" m_b="-1.000000" m_c="1.000000" m_d="-0.000000" m_tx="1.103896" m_ty="46.753246"/>
  </frame>
  <frame idx="175" w="263" h="286" x="-1.000000" y="2.000000">
   <element name="bestiary_options_button" layername="wood" frame="0" z_index="8" m_a="1.000000" m_b="0.000000" m_c="0.000000" m_d="1.000000" m_tx="-1.000000" m_ty="2.000000"/>
   <element name="bestiary_options_button" layername="button_dark" frame="2" z_index="7" m_a="-0.000000" m_b="-1.000000" m_c="1.000000" m_d="-0.000000" m_tx="1.103896" m_ty="46.753246"/>
  </frame>
  <frame idx="200" w="263" h="286" x="-1.000000" y="2.000000">
   <element name="bestiary_options_button" layername="wood" frame="0" z_index="8" m_a="1.000000" m_b="0.000000" m_c="0.000000" m_d="1.000000" m_tx="-1.000000" m_ty="2.000000"/>
   <element name="bestiary_options_button" layername="button_dark" frame="2" z_index="7" m_a="-0.000000" m_b="-1.000000" m_c="1.000000" m_d="-0.000000" m_tx="1.103896" m_ty="46.753246"/>
  </frame>
  <frame idx="225" w="263" h="286" x="-1.000000" y="2.000000">
   <element name="bestiary_options_button" layername="wood" frame="0" z_index="8" m_a="1.000000" m_b="0.000000" m_c="0.000000" m_d="1.000000" m_tx="-1.000000" m_ty="2.000000"/>
   <element name="bestiary_options_button" layername="button_dark" frame="2" z_index="7" m_a="-0.000000" m_b="-1.000000" m_c="1.000000" m_d="-0.000000" m_tx="1.103896" m_ty="46.753246"/>
  </frame>
  <frame idx="250" w="263" h="286" x="-1.000000" y="2.000000">
   <element name="bestiary_options_button" layername="wood" frame="0" z_index="8" m_a="1.000000" m_b="0.000000" m_c="0.000000" m_d="1.000000" m_tx="-1.000000" m_ty="2.000000"/>
   <element name="bestiary_options_button" layername="button_dark" frame="2" z_index="7" m_a="-0.000000" m_b="-1.000000" m_c="1.000000" m_d="-0.000000" m_tx="1.103896" m_ty="46.753246"/>
  </frame>
  <frame idx="275" w="263" h="286" x="-1.000000" y="2.000000">
   <element name="bestiary_options_button" layername="wood" frame="0" z_index="8" m_a="1.000000" m_b="0.000000" m_c="0.000000" m_d="1.000000" m_tx="-1.000000" m_ty="2.000000"/>
   <element name="bestiary_options_button" layername="button_dark" frame="2" z_index="7" m_a="-0.000000" m_b="-1.000000" m_c="1.000000" m_d="-0.000000" m_tx="1.103896" m_ty="46.753246"/>
  </frame>
  <frame idx="300" w="263" h="286" x="-1.000000" y="2.000000">
   <element name="bestiary_options_button" layername="wood" frame="0" z_index="8" m_a="1.000000" m_b="0.000000" m_c="0.000000" m_d="1.000000" m_tx="-1.000000" m_ty="2.000000"/>
   <element name="bestiary_options_button" layername="button_dark" frame="2" z_index="7" m_a="-0.000000" m_b="-1.000000" m_c="1.000000" m_d="-0.000000" m_tx="1.103896" m_ty="46.753246"/>
  </frame>
  <frame idx="325" w="263" h="286" x="-1.000000" y="2.000000">
   <element name="bestiary_options_button" layername="wood" frame="0" z_index="8" m_a="1.000000" m_b="0.000000" m_c="0.000000" m_d="1.000000" m_tx="-1.000000" m_ty="2.000000"/>
   <element name="bestiary_options_button" layername="button_dark" frame="2" z_index="7" m_a="-0.000000" m_b="-1.000000" m_c="1.000000" m_d="-0.000000" m_tx="1.103896" m_ty="46.753246"/>
  </frame>
  <frame idx="350" w="263" h="286" x="-1.000000" y="2.000000">
   <element name="bestiary_options_button" layername="wood" frame="0" z_index="8" m_a="1.000000" m_b="0.000000" m_c="0.000000" m_d="1.000000" m_tx="-1.000000" m_ty="2.000000"/>
   <element name="bestiary_options_button" layername="button_dark" frame="2" z_index="7" m_a="-0.000000" m_b="-1.000000" m_c="1.000000" m_d="-0.000000" m_tx="1.103896" m_ty="46.753246"/>
  </frame>
  <frame idx="375" w="263" h="286" x="-1.000000" y="2.000000">
   <element name="bestiary_options_button" layername="wood" frame="0" z_index="8" m_a="1.000000" m_b="0.000000" m_c="0.000000" m_d="1.000000" m_tx="-1.000000" m_ty="2.000000"/>
   <element name="bestiary_options_button" layername="button_dark" frame="2" z_index="7" m_a="-0.000000" m_b="-1.000000" m_c="1.000000" m_d="-0.000000" m_tx="1.103896" m_ty="46.753246"/>
  </frame>
  <frame idx="400" w="263" h="286" x="-1.000000" y="2.000000">
   <element name="bestiary_options_button" layername="wood" frame="0" z_index="8" m_a="1.000000" m_b="0.000000" m_c="0.000000" m_d="1.000000" m_tx="-1.000000" m_ty="2.000000"/>
   <element name="bestiary_options_button" layername="button_dark" frame="2" z_index="7" m_a="-0.000000" m_b="-1.000000" m_c="1.000000" m_d="-0.000000" m_tx="1.103896" m_ty="46.753246"/>
  </frame>
  <frame idx="425" w="263" h="286" x="-1.000000" y="2.000000">
   <element name="bestiary_options_button" layername="wood" frame="0" z_index="8" m_a="1.000000" m_b="0.000000" m_c="0.000000" m_d="1.000000" m_tx="-1.000000" m_ty="2.000000"/>
   <element name="bestiary_options_button" layername="button_dark" frame="2" z_index="7" m_a="-0.000000" m_b="-1.000000" m_c="1.000000" m_d="-0.000000" m_tx="1.103896" m_ty="46.753246"/>
  </frame>
  <frame idx="450" w="263" h="286" x="-1.000000" y="2.000000">
   <element name="bestiary_options_button" layername="wood" frame="0" z_index="8" m_a="1.000000" m_b="0.000000" m_c="0.000000" m_d="1.000000" m_tx="-1.000000" m_ty="2.000000"/>
   <element name="bestiary_options_button" layername="button_dark" frame="2" z_index="7" m_a="-0.000000" m_b="-1.000000" m_c="1.000000" m_d="-0.000000" m_tx="1.103896" m_ty="46.753246"/>
  </frame>
  <frame idx="475" w="263" h="286" x="-1.000000" y="2.000000">
   <element name="bestiary_options_button" layername="wood" frame="0" z_index="8" m_a="1.000000" m_b="0.000000" m_c="0.000000" m_d="1.000000" m_tx="-1.000000" m_ty="2.000000"/>
   <element name="bestiary_options_button" layername="button_dark" frame="2" z_index="7" m_a="-0.000000" m_b="-1.000000" m_c="1.000000" m_d="-0.000000" m_tx="1.103896" m_ty="46.753246"/>
  </frame>
  <frame idx="500" w="263" h="286" x="-1.000000" y="2.000000">
   <element name="bestiary_options_button" layername="wood" frame="0" z_index="8" m_a="1.000000" m_b="0.000000" m_c="0.000000" m_d="1.000000" m_tx="-1.000000" m_ty="2.000000"/>
   <element name="bestiary_options_button" layername="button_dark" frame="2" z_index="7" m_a="-0.000000" m_b="-1.000000" m_c="1.000000" m_d="-0.000000" m_tx="1.103896" m_ty="46.753246"/>
  </frame>
  <frame idx="525" w="263" h="286" x="-1.000000" y="2.000000">
   <element name="bestiary_options_button" layername="wood" frame="0" z_index="8" m_a="1.000000" m_b="0.000000" m_c="0.000000" m_d="1.000000" m_tx="-1.000000" m_ty="2.000000"/>
   <element name="bestiary_options_button" layername="button_dark" frame="2" z_index="7" m_a="-0.000000" m_b="-1.000000" m_c="1.000000" m_d="-0.000000" m_tx="1.103896" m_ty="46.753246"/>
  </frame>
  <frame idx="550" w="263" h="286" x="-1.000000" y="2.000000">
   <element name="bestiary_options_button" layername="wood" frame="0" z_index="8" m_a="1.000000" m_b="0.000000" m_c="0.000000" m_d="1.000000" m_tx="-1.000000" m_ty="2.000000"/>
   <element name="bestiary_options_button" layername="button_dark" frame="2" z_index="7" m_a="-0.000000" m_b="-1.000000" m_c="1.000000" m_d="-0.000000" m_tx="1.103896" m_ty="46.753246"/>
  </frame>
  <frame idx="575" w="263" h="286" x="-1.000000" y="2.000000">
   <element name="bestiary_options_button" layername="wood" frame="0" z_index="8" m_a="1.000000" m_b="0.000000" m_c="0.000000" m_d="1.000000" m_tx="-1.000000" m_ty="2.000000"/>
   <element name="bestiary_options_button" layername="button_dark" frame="2" z_index="7" m_a="-0.000000" m_b="-1.000000" m_c="1.000000" m_d="-0.000000" m_tx="1.103896" m_ty="46.753246"/>
  </frame>
  <frame idx="600" w="263" h="286" x="-1.000000" y="2.000000">
   <element name="bestiary_options_button" layername="wood" frame="0" z_index="8" m_a="1.000000" m_b="0.000000" m_c="0.000000" m_d="1.000000" m_tx="-1.000000" m_ty="2.000000"/>
   <element name="bestiary_options_button" layername="button_dark" frame="2" z_index="7" m_a="-0.000000" m_b="-1.000000" m_c="1.000000" m_d="-0.000000" m_tx="1.103896" m_ty="46.753246"/>
  </frame>
  <frame idx="625" w="263" h="286" x="-1.000000" y="2.000000">
   <element name="bestiary_options_button" layername="wood" frame="0" z_index="8" m_a="1.000000" m_b="0.000000" m_c="0.000000" m_d="1.000000" m_tx="-1.000000" m_ty="2.000000"/>
   <element name="bestiary_options_button" layername="button_dark" frame="2" z_index="7" m_a="-0.000000" m_b="-1.000000" m_c="1.000000" m_d="-0.000000" m_tx="1.103896" m_ty="46.753246"/>
  </frame>
  <frame idx="650" w="263" h="286" x="-1.000000" y="2.000000">
   <element name="bestiary_options_button" layername="wood" frame="0" z_index="8" m_a="1.000000" m_b="0.000000" m_c="0.000000" m_d="1.000000" m_tx="-1.000000" m_ty="2.000000"/>
   <element name="bestiary_options_button" layername="button_dark" frame="2" z_index="7" m_a="-0.000000" m_b="-1.000000" m_c="1.000000" m_d="-0.000000" m_tx="1.103896" m_ty="46.753246"/>
  </frame>
  <frame idx="675" w="263" h="286" x="-1.000000" y="2.000000">
   <element name="bestiary_options_button" layername="wood" frame="0" z_index="8" m_a="1.000000" m_b="0.000000" m_c="0.000000" m_d="1.000000" m_tx="-1.000000" m_ty="2.000000"/>
   <element name="bestiary_options_button" layername="button_dark" frame="2" z_index="7" m_a="-0.000000" m_b="-1.000000" m_c="1.000000" m_d="-0.000000" m_tx="1.103896" m_ty="46.753246"/>
  </frame>
  <frame idx="700" w="263" h="286" x="-1.000000" y="2.000000">
   <element name="bestiary_options_button" layername="wood" frame="0" z_index="8" m_a="1.000000" m_b="0.000000" m_c="0.000000" m_d="1.000000" m_tx="-1.000000" m_ty="2.000000"/>
   <element name="bestiary_options_button" layername="button_dark" frame="2" z_index="7" m_a="-0.000000" m_b="-1.000000" m_c="1.000000" m_d="-0.000000" m_tx="1.103896" m_ty="46.753246"/>
  </frame>
  <frame idx="725" w="263" h="286" x="-1.000000" y="2.000000">
   <element name="bestiary_options_button" layername="wood" frame="0" z_index="8" m_a="1.000000" m_b="0.000000" m_c="0.000000" m_d="1.000000" m_tx="-1.000000" m_ty="2.000000"/>
   <element name="bestiary_options_button" layername="button_dark" frame="2" z_index="7" m_a="-0.000000" m_b="-1.000000" m_c="1.000000" m_d="-0.000000" m_tx="1.103896" m_ty="46.753246"/>
  </frame>
  <frame idx="750" w="263" h="286" x="-1.000000" y="2.000000">
   <element name="bestiary_options_button" layername="wood" frame="0" z_index="8" m_a="1.000000" m_b="0.000000" m_c="0.000000" m_d="1.000000" m_tx="-1.000000" m_ty="2.000000"/>
   <element name="bestiary_options_button" layername="button_dark" frame="2" z_index="7" m_a="-0.000000" m_b="-1.000000" m_c="1.000000" m_d="-0.000000" m_tx="1.103896" m_ty="46.753246"/>
  </frame>
  <frame idx="775" w="263" h="286" x="-1.000000" y="2.000000">
   <element name="bestiary_options_button" layername="wood" frame="0" z_index="8" m_a="1.000000" m_b="0.000000" m_c="0.000000" m_d="1.000000" m_tx="-1.000000" m_ty="2.000000"/>
   <element name="bestiary_options_button" layername="button_dark" frame="2" z_index="7" m_a="-0.000000" m_b="-1.000000" m_c="1.000000" m_d="-0.000000" m_tx="1.103896" m_ty="46.753246"/>
  </frame>
  <frame idx="800" w="263" h="286" x="-1.000000" y="2.000000">
   <element name="bestiary_options_button" layername="wood" frame="0" z_index="8" m_a="1.000000" m_b="0.000000" m_c="0.000000" m_d="1.000000" m_tx="-1.000000" m_ty="2.000000"/>
   <element name="bestiary_options_button" layername="button_dark" frame="2" z_index="7" m_a="-0.000000" m_b="-1.000000" m_c="1.000000" m_d="-0.000000" m_tx="1.103896" m_ty="46.753246"/>
  </frame>
  <frame idx="825" w="263" h="286" x="-1.000000" y="2.000000">
   <element name="bestiary_options_button" layername="wood" frame="0" z_index="8" m_a="1.000000" m_b="0.000000" m_c="0.000000" m_d="1.000000" m_tx="-1.000000" m_ty="2.000000"/>
   <element name="bestiary_options_button" layername="button_dark" frame="2" z_index="7" m_a="-0.000000" m_b="-1.000000" m_c="1.000000" m_d="-0.000000" m_tx="1.103896" m_ty="46.753246"/>
  </frame>
  <frame idx="850" w="263" h="286" x="-1.000000" y="2.000000">
   <element name="bestiary_options_button" layername="wood" frame="0" z_index="8" m_a="1.000000" m_b="0.000000" m_c="0.000000" m_d="1.000000" m_tx="-1.000000" m_ty="2.000000"/>
   <element name="bestiary_options_button" layername="button_dark" frame="2" z_index="7" m_a="-0.000000" m_b="-1.000000" m_c="1.000000" m_d="-0.000000" m_tx="1.103896" m_ty="46.753246"/>
  </frame>
  <frame idx="875" w="263" h="286" x="-1.000000" y="2.000000">
   <element name="bestiary_options_button" layername="wood" frame="0" z_index="8" m_a="1.000000" m_b="0.000000" m_c="0.000000" m_d="1.000000" m_tx="-1.000000" m_ty="2.000000"/>
   <element name="bestiary_options_button" layername="button_dark" frame="2" z_index="7" m_a="-0.000000" m_b="-1.000000" m_c="1.000000" m_d="-0.000000" m_tx="1.103896" m_ty="46.753246"/>
  </frame>
  <frame idx="900" w="263" h="286" x="-1.000000" y="2.000000">
   <element name="bestiary_options_button" layername="wood" frame="0" z_index="8" m_a="1.000000" m_b="0.000000" m_c="0.000000" m_d="1.000000" m_tx="-1.000000" m_ty="2.000000"/>
   <element name="bestiary_options_button" layername="button_dark" frame="2" z_index="7" m_a="-0.000000" m_b="-1.000000" m_c="1.000000" m_d="-0.000000" m_tx="1.103896" m_ty="46.753246"/>
  </frame>
  <frame idx="925" w="263" h="286" x="-1.000000" y="2.000000">
   <element name="bestiary_options_button" layername="wood" frame="0" z_index="8" m_a="1.000000" m_b="0.000000" m_c="0.000000" m_d="1.000000" m_tx="-1.000000" m_ty="2.000000"/>
   <element name="bestiary_options_button" layername="button_dark" frame="2" z_index="7" m_a="-0.000000" m_b="-1.000000" m_c="1.000000" m_d="-0.000000" m_tx="1.103896" m_ty="46.753246"/>
  </frame>
  <frame idx="950" w="263" h="286" x="-1.000000" y="2.000000">
   <element name="bestiary_options_button" layername="wood" frame="0" z_index="8" m_a="1.000000" m_b="0.000000" m_c="0.000000" m_d="1.000000" m_tx="-1.000000" m_ty="2.000000"/>
   <element name="bestiary_options_button" layername="button_dark" frame="2" z_index="7" m_a="-0.000000" m_b="-1.000000" m_c="1.000000" m_d="-0.000000" m_tx="1.103896" m_ty="46.753246"/>
  </frame>
  <frame idx="975" w="263" h="286" x="-1.000000" y="2.000000">
   <element name="bestiary_options_button" layername="wood" frame="0" z_index="8" m_a="1.000000" m_b="0.000000" m_c="0.000000" m_d="1.000000" m_tx="-1.000000" m_ty="2.000000"/>
   <element name="bestiary_options_button" layername="button_dark" frame="2" z_index="7" m_a="-0.000000" m_b="-1.000000" m_c="1.000000" m_d="-0.000000" m_tx="1.103896" m_ty="46.753246"/>
  </frame>
 </anim>
 <anim name="open" root="bestiary_options_button" numframes="500" framerate="40">
  <frame idx="0" w="300" h="286" x="-11.698044" y="2.000000">
   <element name="bestiary_options_button" layername="wood" frame="0" z_index="8" m_a="1.000000" m_b="0.000000" m_c="0.000000" m_d="1.000000" m_tx="-1.000000" m_ty="2.000000"/>
   <element name="bestiary_options_button" layername="button_dark" frame="2" z_index="7" m_a="0.000000" m_b="1.000000" m_c="-1.000000" m_d="0.000000" m_tx="1.103896" m_ty="46.753246"/>
  </frame>
  <frame idx="25" w="295" h="286" x="-10.660446" y="2.000000">
   <element name="bestiary_options_button" layername="wood" frame="0" z_index="8" m_a="1.000000" m_b="0.000000" m_c="0.000000" m_d="1.000000" m_tx="-1.000000" m_ty="2.000000"/>
   <element name="bestiary_options_button" layername="button_dark" frame="2" z_index="7" m_a="0.195090" m_b="0.980785" m_c="-0.980785" m_d="0.195090" m_tx="1.103896" m_ty="46.753246"/>
  </frame>
  <frame idx="50" w="285" h="286" x="-7.587540" y="2.000000">
   <element name="bestiary_options_button" layername="wood" frame="0" z_index="8" m_a="1.000000" m_b="0.000000" m_c="0.000000" m_d="1.000000" m_tx="-1.000000" m_ty="2.000000"/>
   <element name="bestiary_options_button" layername="button_dark" frame="2" z_index="7" m_a="0.382684" m_b="0.923879" m_c="-0.923879" m_d="0.382684" m_tx="1.103896" m_ty="46.753246"/>
  </frame>
  <frame idx="75" w="269" h="286" x="-2.597404" y="2.000000">
   <element name="bestiary_options_button" layername="wood" frame="0" z_index="8" m_a="1.000000" m_b="0.000000" m_c="0.000000" m_d="1.000000" m_tx="-1.000000" m_ty="2.000000"/>
   <element name="bestiary_options_button" layername="button_dark" frame="2" z_index="7" m_a="0.555570" m_b="0.831469" m_c="-0.831469" m_d="0.555570" m_tx="1.103896" m_ty="46.753246"/>
  </frame>
  <frame idx="100" w="263" h="286" x="-1.000000" y="2.000000">
   <element name="bestiary_options_button" layername="wood" frame="0" z_index="8" m_a="1.000000" m_b="0.000000" m_c="0.000000" m_d="1.000000" m_tx="-1.000000" m_ty="2.000000"/>
   <element name="bestiary_options_button" layername="button_dark" frame="2" z_index="7" m_a="0.707107" m_b="0.707107" m_c="-0.707107" m_d="0.707107" m_tx="1.103896" m_ty="46.753246"/>
  </frame>
  <frame idx="125" w="263" h="286" x="-1.000000" y="2.000000">
   <element name="bestiary_options_button" layername="wood" frame="0" z_index="8" m_a="1.000000" m_b="0.000000" m_c="0.000000" m_d="1.000000" m_tx="-1.000000" m_ty="2.000000"/>
   <element name="bestiary_options_button" layername="button_dark" frame="2" z_index="7" m_a="0.831470" m_b="0.555570" m_c="-0.555570" m_d="0.831470" m_tx="1.103896" m_ty="46.753246"/>
  </frame>
  <frame idx="150" w="263" h="286" x="-1.000000" y="2.000000">
   <element name="bestiary_options_button" layername="wood" frame="0" z_index="8" m_a="1.000000" m_b="0.000000" m_c="0.000000" m_d="1.000000" m_tx="-1.000000" m_ty="2.000000"/>
   <element name="bestiary_options_button" layername="button_dark" frame="2" z_index="7" m_a="0.923880" m_b="0.382683" m_c="-0.382683" m_d="0.923880" m_tx="1.103896" m_ty="46.753246"/>
  </frame>
  <frame idx="175" w="263" h="286" x="-1.000000" y="2.000000">
   <element name="bestiary_options_button" layername="wood" frame="0" z_index="8" m_a="1.000000" m_b="0.000000" m_c="0.000000" m_d="1.000000" m_tx="-1.000000" m_ty="2.000000"/>
   <element name="bestiary_options_button" layername="button_dark" frame="2" z_index="7" m_a="0.980785" m_b="0.195090" m_c="-0.195090" m_d="0.980785" m_tx="1.103896" m_ty="46.753246"/>
  </frame>
  <frame idx="200" w="263" h="286" x="-1.000000" y="2.000000">
   <element name="bestiary_options_button" layername="wood" frame="0" z_index="8" m_a="1.000000" m_b="0.000000" m_c="0.000000" m_d="1.000000" m_tx="-1.000000" m_ty="2.000000"/>
   <element name="bestiary_options_button" layername="button_dark" frame="2" z_index="7" m_a="1.000000" m_b="0.000000" m_c="0.000000" m_d="1.000000" m_tx="1.103896" m_ty="46.753246"/>
  </frame>
  <frame idx="225" w="263" h="286" x="-1.000000" y="2.000000">
   <element name="bestiary_options_button" layername="wood" frame="0" z_index="8" m_a="1.000000" m_b="0.000000" m_c="0.000000" m_d="1.000000" m_tx="-1.000000" m_ty="2.000000"/>
   <element name="bestiary_options_button" layername="button_dark" frame="2" z_index="7" m_a="0.980785" m_b="-0.195090" m_c="0.195090" m_d="0.980785" m_tx="1.103896" m_ty="46.753246"/>
  </frame>
  <frame idx="250" w="263" h="286" x="-1.000000" y="2.000000">
   <element name="bestiary_options_button" layername="wood" frame="0" z_index="8" m_a="1.000000" m_b="0.000000" m_c="0.000000" m_d="1.000000" m_tx="-1.000000" m_ty="2.000000"/>
   <element name="bestiary_options_button" layername="button_dark" frame="2" z_index="7" m_a="0.923880" m_b="-0.382683" m_c="0.382683" m_d="0.923880" m_tx="1.103896" m_ty="46.753246"/>
  </frame>
  <frame idx="275" w="263" h="286" x="-1.000000" y="2.000000">
   <element name="bestiary_options_button" layername="wood" frame="0" z_index="8" m_a="1.000000" m_b="0.000000" m_c="0.000000" m_d="1.000000" m_tx="-1.000000" m_ty="2.000000"/>
   <element name="bestiary_options_button" layername="button_dark" frame="2" z_index="7" m_a="0.831470" m_b="-0.555570" m_c="0.555570" m_d="0.831470" m_tx="1.103896" m_ty="46.753246"/>
  </frame>
  <frame idx="300" w="263" h="286" x="-1.000000" y="2.000000">
   <element name="bestiary_options_button" layername="wood" frame="0" z_index="8" m_a="1.000000" m_b="0.000000" m_c="0.000000" m_d="1.000000" m_tx="-1.000000" m_ty="2.000000"/>
   <element name="bestiary_options_button" layername="button_dark" frame="2" z_index="7" m_a="0.707107" m_b="-0.707107" m_c="0.707107" m_d="0.707107" m_tx="1.103896" m_ty="46.753246"/>
  </frame>
  <frame idx="325" w="263" h="286" x="-1.000000" y="2.000000">
   <element name="bestiary_options_button" layername="wood" frame="0" z_index="8" m_a="1.000000" m_b="0.000000" m_c="0.000000" m_d="1.000000" m_tx="-1.000000" m_ty="2.000000"/>
   <element name="bestiary_options_button" layername="button_dark" frame="2" z_index="7" m_a="0.555570" m_b="-0.831470" m_c="0.831470" m_d="0.555570" m_tx="1.103896" m_ty="46.753246"/>
  </frame>
  <frame idx="350" w="263" h="286" x="-1.000000" y="2.000000">
   <element name="bestiary_options_button" layername="wood" frame="0" z_index="8" m_a="1.000000" m_b="0.000000" m_c="0.000000" m_d="1.000000" m_tx="-1.000000" m_ty="2.000000"/>
   <element name="bestiary_options_button" layername="button_dark" frame="2" z_index="7" m_a="0.382683" m_b="-0.923880" m_c="0.923880" m_d="0.382683" m_tx="1.103896" m_ty="46.753246"/>
  </frame>
  <frame idx="375" w="263" h="286" x="-1.000000" y="2.000000">
   <element name="bestiary_options_button" layername="wood" frame="0" z_index="8" m_a="1.000000" m_b="0.000000" m_c="0.000000" m_d="1.000000" m_tx="-1.000000" m_ty="2.000000"/>
   <element name="bestiary_options_button" layername="button_dark" frame="2" z_index="7" m_a="0.195090" m_b="-0.980785" m_c="0.980785" m_d="0.195090" m_tx="1.103896" m_ty="46.753246"/>
  </frame>
  <frame idx="400" w="263" h="286" x="-1.000000" y="2.000000">
   <element name="bestiary_options_button" layername="wood" frame="0" z_index="8" m_a="1.000000" m_b="0.000000" m_c="0.000000" m_d="1.000000" m_tx="-1.000000" m_ty="2.000000"/>
   <element name="bestiary_options_button" layername="button_dark" frame="2" z_index="7" m_a="-0.000000" m_b="-1.000000" m_c="1.000000" m_d="-0.000000" m_tx="1.103896" m_ty="46.753246"/>
  </frame>
  <frame idx="425" w="263" h="286" x="-1.000000" y="2.000000">
   <element name="bestiary_options_button" layername="wood" frame="0" z_index="8" m_a="1.000000" m_b="0.000000" m_c="0.000000" m_d="1.000000" m_tx="-1.000000" m_ty="2.000000"/>
   <element name="bestiary_options_button" layername="button_dark" frame="2" z_index="7" m_a="-0.000000" m_b="-1.000000" m_c="1.000000" m_d="-0.000000" m_tx="1.103896" m_ty="46.753246"/>
  </frame>
  <frame idx="450" w="263" h="286" x="-1.000000" y="2.000000">
   <element name="bestiary_options_button" layername="wood" frame="0" z_index="8" m_a="1.000000" m_b="0.000000" m_c="0.000000" m_d="1.000000" m_tx="-1.000000" m_ty="2.000000"/>
   <element name="bestiary_options_button" layername="button_dark" frame="2" z_index="7" m_a="-0.000000" m_b="-1.000000" m_c="1.000000" m_d="-0.000000" m_tx="1.103896" m_ty="46.753246"/>
  </frame>
  <frame idx="475" w="263" h="286" x="-1.000000" y="2.000000">
   <element name="bestiary_options_button" layername="wood" frame="0" z_index="8" m_a="1.000000" m_b="0.000000" m_c="0.000000" m_d="1.000000" m_tx="-1.000000" m_ty="2.000000"/>
   <element name="bestiary_options_button" layername="button_dark" frame="2" z_index="7" m_a="-0.000000" m_b="-1.000000" m_c="1.000000" m_d="-0.000000" m_tx="1.103896" m_ty="46.753246"/>
  </frame>
 </anim>
 <anim name="close" root="bestiary_options_button" numframes="500" framerate="40">
  <frame idx="0" w="263" h="286" x="-1.000000" y="2.000000">
   <element name="bestiary_options_button" layername="wood" frame="0" z_index="8" m_a="1.000000" m_b="0.000000" m_c="0.000000" m_d="1.000000" m_tx="-1.000000" m_ty="2.000000"/>
   <element name="bestiary_options_button" layername="button_dark" frame="2" z_index="7" m_a="-0.000000" m_b="-1.000000" m_c="1.000000" m_d="-0.000000" m_tx="1.103896" m_ty="46.753246"/>
  </frame>
  <frame idx="25" w="263" h="286" x="-1.000000" y="2.000000">
   <element name="bestiary_options_button" layername="wood" frame="0" z_index="8" m_a="1.000000" m_b="0.000000" m_c="0.000000" m_d="1.000000" m_tx="-1.000000" m_ty="2.000000"/>
   <element name="bestiary_options_button" layername="button_dark" frame="2" z_index="7" m_a="0.195090" m_b="-0.980785" m_c="0.980785" m_d="0.195090" m_tx="1.103896" m_ty="46.753246"/>
  </frame>
  <frame idx="50" w="263" h="286" x="-1.000000" y="2.000000">
   <element name="bestiary_options_button" layername="wood" frame="0" z_index="8" m_a="1.000000" m_b="0.000000" m_c="0.000000" m_d="1.000000" m_tx="-1.000000" m_ty="2.000000"/>
   <element name="bestiary_options_button" layername="button_dark" frame="2" z_index="7" m_a="0.382683" m_b="-0.923880" m_c="0.923880" m_d="0.382683" m_tx="1.103896" m_ty="46.753246"/>
  </frame>
  <frame idx="75" w="263" h="286" x="-1.000000" y="2.000000">
   <element name="bestiary_options_button" layername="wood" frame="0" z_index="8" m_a="1.000000" m_b="0.000000" m_c="0.000000" m_d="1.000000" m_tx="-1.000000" m_ty="2.000000"/>
   <element name="bestiary_options_button" layername="button_dark" frame="2" z_index="7" m_a="0.555570" m_b="-0.831470" m_c="0.831470" m_d="0.555570" m_tx="1.103896" m_ty="46.753246"/>
  </frame>
  <frame idx="100" w="263" h="286" x="-1.000000" y="2.000000">
   <element name="bestiary_options_button" layername="wood" frame="0" z_index="8" m_a="1.000000" m_b="0.000000" m_c="0.000000" m_d="1.000000" m_tx="-1.000000" m_ty="2.000000"/>
   <element name="bestiary_options_button" layername="button_dark" frame="2" z_index="7" m_a="0.707107" m_b="-0.707107" m_c="0.707107" m_d="0.707107" m_tx="1.103896" m_ty="46.753246"/>
  </frame>
  <frame idx="125" w="263" h="286" x="-1.000000" y="2.000000">
   <element name="bestiary_options_button" layername="wood" frame="0" z_index="8" m_a="1.000000" m_b="0.000000" m_c="0.000000" m_d="1.000000" m_tx="-1.000000" m_ty="2.000000"/>
   <element name="bestiary_options_button" layername="button_dark" frame="2" z_index="7" m_a="0.831470" m_b="-0.555570" m_c="0.555570" m_d="0.831470" m_tx="1.103896" m_ty="46.753246"/>
  </frame>
  <frame idx="150" w="263" h="286" x="-1.000000" y="2.000000">
   <element name="bestiary_options_button" layername="wood" frame="0" z_index="8" m_a="1.000000" m_b="0.000000" m_c="0.000000" m_d="1.000000" m_tx="-1.000000" m_ty="2.000000"/>
   <element name="bestiary_options_button" layername="button_dark" frame="2" z_index="7" m_a="0.923880" m_b="-0.382683" m_c="0.382683" m_d="0.923880" m_tx="1.103896" m_ty="46.753246"/>
  </frame>
  <frame idx="175" w="263" h="286" x="-1.000000" y="2.000000">
   <element name="bestiary_options_button" layername="wood" frame="0" z_index="8" m_a="1.000000" m_b="0.000000" m_c="0.000000" m_d="1.000000" m_tx="-1.000000" m_ty="2.000000"/>
   <element name="bestiary_options_button" layername="button_dark" frame="2" z_index="7" m_a="0.980785" m_b="-0.195090" m_c="0.195090" m_d="0.980785" m_tx="1.103896" m_ty="46.753246"/>
  </frame>
  <frame idx="200" w="263" h="286" x="-1.000000" y="2.000000">
   <element name="bestiary_options_button" layername="wood" frame="0" z_index="8" m_a="1.000000" m_b="0.000000" m_c="0.000000" m_d="1.000000" m_tx="-1.000000" m_ty="2.000000"/>
   <element name="bestiary_options_button" layername="button_dark" frame="2" z_index="7" m_a="1.000000" m_b="0.000000" m_c="0.000000" m_d="1.000000" m_tx="1.103896" m_ty="46.753246"/>
  </frame>
  <frame idx="225" w="263" h="286" x="-1.000000" y="2.000000">
   <element name="bestiary_options_button" layername="wood" frame="0" z_index="8" m_a="1.000000" m_b="0.000000" m_c="0.000000" m_d="1.000000" m_tx="-1.000000" m_ty="2.000000"/>
   <element name="bestiary_options_button" layername="button_dark" frame="2" z_index="7" m_a="0.980785" m_b="0.195090" m_c="-0.195090" m_d="0.980785" m_tx="1.103896" m_ty="46.753246"/>
  </frame>
  <frame idx="250" w="263" h="286" x="-1.000000" y="2.000000">
   <element name="bestiary_options_button" layername="wood" frame="0" z_index="8" m_a="1.000000" m_b="0.000000" m_c="0.000000" m_d="1.000000" m_tx="-1.000000" m_ty="2.000000"/>
   <element name="bestiary_options_button" layername="button_dark" frame="2" z_index="7" m_a="0.923880" m_b="0.382683" m_c="-0.382683" m_d="0.923880" m_tx="1.103896" m_ty="46.753246"/>
  </frame>
  <frame idx="275" w="263" h="286" x="-1.000000" y="2.000000">
   <element name="bestiary_options_button" layername="wood" frame="0" z_index="8" m_a="1.000000" m_b="0.000000" m_c="0.000000" m_d="1.000000" m_tx="-1.000000" m_ty="2.000000"/>
   <element name="bestiary_options_button" layername="button_dark" frame="2" z_index="7" m_a="0.831470" m_b="0.555570" m_c="-0.555570" m_d="0.831470" m_tx="1.103896" m_ty="46.753246"/>
  </frame>
  <frame idx="300" w="263" h="286" x="-1.000000" y="2.000000">
   <element name="bestiary_options_button" layername="wood" frame="0" z_index="8" m_a="1.000000" m_b="0.000000" m_c="0.000000" m_d="1.000000" m_tx="-1.000000" m_ty="2.000000"/>
   <element name="bestiary_options_button" layername="button_dark" frame="2" z_index="7" m_a="0.707107" m_b="0.707107" m_c="-0.707107" m_d="0.707107" m_tx="1.103896" m_ty="46.753246"/>
  </frame>
  <frame idx="325" w="269" h="286" x="-2.597404" y="2.000000">
   <element name="bestiary_options_button" layername="wood" frame="0" z_index="8" m_a="1.000000" m_b="0.000000" m_c="0.000000" m_d="1.000000" m_tx="-1.000000" m_ty="2.000000"/>
   <element name="bestiary_options_button" layername="button_dark" frame="2" z_index="7" m_a="0.555570" m_b="0.831470" m_c="-0.831470" m_d="0.555570" m_tx="1.103896" m_ty="46.753246"/>
  </frame>
  <frame idx="350" w="285" h="286" x="-7.587540" y="2.000000">
   <element name="bestiary_options_button" layername="wood" frame="0" z_index="8" m_a="1.000000" m_b="0.000000" m_c="0.000000" m_d="1.000000" m_tx="-1.000000" m_ty="2.000000"/>
   <element name="bestiary_options_button" layername="button_dark" frame="2" z_index="7" m_a="0.382683" m_b="0.923880" m_c="-0.923880" m_d="0.382683" m_tx="1.103896" m_ty="46.753246"/>
  </frame>
  <frame idx="375" w="295" h="286" x="-10.660446" y="2.000000">
   <element name="bestiary_options_button" layername="wood" frame="0" z_index="8" m_a="1.000000" m_b="0.000000" m_c="0.000000" m_d="1.000000" m_tx="-1.000000" m_ty="2.000000"/>
   <element name="bestiary_options_button" layername="button_dark" frame="2" z_index="7" m_a="0.195090" m_b="0.980785" m_c="-0.980785" m_d="0.195090" m_tx="1.103896" m_ty="46.753246"/>
  </frame>
  <frame idx="400" w="300" h="286" x="-11.698044" y="2.000000">
   <element name="bestiary_options_button" layername="wood" frame="0" z_index="8" m_a="1.000000" m_b="0.000000" m_c="0.000000" m_d="1.000000" m_tx="-1.000000" m_ty="2.000000"/>
   <element name="bestiary_options_button" layername="button_dark" frame="2" z_index="7" m_a="0.000000" m_b="1.000000" m_c="-1.000000" m_d="0.000000" m_tx="1.103896" m_ty="46.753246"/>
  </frame>
  <frame idx="425" w="300" h="286" x="-11.698044" y="2.000000">
   <element name="bestiary_options_button" layername="wood" frame="0" z_index="8" m_a="1.000000" m_b="0.000000" m_c="0.000000" m_d="1.000000" m_tx="-1.000000" m_ty="2.000000"/>
   <element name="bestiary_options_button" layername="button_dark" frame="2" z_index="7" m_a="0.000000" m_b="1.000000" m_c="-1.000000" m_d="0.000000" m_tx="1.103896" m_ty="46.753246"/>
  </frame>
  <frame idx="450" w="300" h="286" x="-11.698044" y="2.000000">
   <element name="bestiary_options_button" layername="wood" frame="0" z_index="8" m_a="1.000000" m_b="0.000000" m_c="0.000000" m_d="1.000000" m_tx="-1.000000" m_ty="2.000000"/>
   <element name="bestiary_options_button" layername="button_dark" frame="2" z_index="7" m_a="0.000000" m_b="1.000000" m_c="-1.000000" m_d="0.000000" m_tx="1.103896" m_ty="46.753246"/>
  </frame>
  <frame idx="475" w="300" h="286" x="-11.698044" y="2.000000">
   <element name="bestiary_options_button" layername="wood" frame="0" z_index="8" m_a="1.000000" m_b="0.000000" m_c="0.000000" m_d="1.000000" m_tx="-1.000000" m_ty="2.000000"/>
   <element name="bestiary_options_button" layername="button_dark" frame="2" z_index="7" m_a="0.000000" m_b="1.000000" m_c="-1.000000" m_d="0.000000" m_tx="1.103896" m_ty="46.753246"/>
  </frame>
 </anim>
</Anims>
