<Anims>
 <anim name="none" root="bestiary_book" numframes="300" framerate="40">
  <frame idx="0" w="108" h="211" x="97.300003" y="-81.600006">
   <element name="bestiary_book" layername="bestiary_book" frame="0" z_index="1" m_a="1.000000" m_b="0.000000" m_c="0.000000" m_d="1.000000" m_tx="94.399963" m_ty="-77.250031"/>
  </frame>
  <frame idx="25" w="108" h="211" x="97.300003" y="-81.600006">
   <element name="bestiary_book" layername="bestiary_book" frame="0" z_index="1" m_a="1.000000" m_b="0.000000" m_c="0.000000" m_d="1.000000" m_tx="94.399963" m_ty="-77.250031"/>
  </frame>
  <frame idx="50" w="108" h="211" x="97.300003" y="-81.600006">
   <element name="bestiary_book" layername="bestiary_book" frame="0" z_index="1" m_a="1.000000" m_b="0.000000" m_c="0.000000" m_d="1.000000" m_tx="94.399963" m_ty="-77.250031"/>
  </frame>
  <frame idx="75" w="108" h="211" x="97.300003" y="-81.600006">
   <element name="bestiary_book" layername="bestiary_book" frame="0" z_index="1" m_a="1.000000" m_b="0.000000" m_c="0.000000" m_d="1.000000" m_tx="94.399963" m_ty="-77.250031"/>
  </frame>
  <frame idx="100" w="108" h="211" x="97.300003" y="-81.600006">
   <element name="bestiary_book" layername="bestiary_book" frame="0" z_index="1" m_a="1.000000" m_b="0.000000" m_c="0.000000" m_d="1.000000" m_tx="94.399963" m_ty="-77.250031"/>
  </frame>
  <frame idx="125" w="108" h="211" x="97.300003" y="-81.600006">
   <element name="bestiary_book" layername="bestiary_book" frame="0" z_index="1" m_a="1.000000" m_b="0.000000" m_c="0.000000" m_d="1.000000" m_tx="94.399963" m_ty="-77.250031"/>
  </frame>
  <frame idx="150" w="108" h="211" x="97.300003" y="-81.600006">
   <element name="bestiary_book" layername="bestiary_book" frame="0" z_index="1" m_a="1.000000" m_b="0.000000" m_c="0.000000" m_d="1.000000" m_tx="94.399963" m_ty="-77.250031"/>
  </frame>
  <frame idx="175" w="108" h="211" x="97.300003" y="-81.600006">
   <element name="bestiary_book" layername="bestiary_book" frame="0" z_index="1" m_a="1.000000" m_b="0.000000" m_c="0.000000" m_d="1.000000" m_tx="94.399963" m_ty="-77.250031"/>
  </frame>
  <frame idx="200" w="108" h="211" x="97.300003" y="-81.600006">
   <element name="bestiary_book" layername="bestiary_book" frame="0" z_index="1" m_a="1.000000" m_b="0.000000" m_c="0.000000" m_d="1.000000" m_tx="94.399963" m_ty="-77.250031"/>
  </frame>
  <frame idx="225" w="108" h="211" x="97.300003" y="-81.600006">
   <element name="bestiary_book" layername="bestiary_book" frame="0" z_index="1" m_a="1.000000" m_b="0.000000" m_c="0.000000" m_d="1.000000" m_tx="94.399963" m_ty="-77.250031"/>
  </frame>
  <frame idx="250" w="108" h="211" x="97.300003" y="-81.600006">
   <element name="bestiary_book" layername="bestiary_book" frame="0" z_index="1" m_a="1.000000" m_b="0.000000" m_c="0.000000" m_d="1.000000" m_tx="94.399963" m_ty="-77.250031"/>
  </frame>
  <frame idx="275" w="108" h="211" x="97.300003" y="-81.600006">
   <element name="bestiary_book" layername="bestiary_book" frame="0" z_index="1" m_a="1.000000" m_b="0.000000" m_c="0.000000" m_d="1.000000" m_tx="94.399963" m_ty="-77.250031"/>
  </frame>
 </anim>
</Anims>
